{"loss": [1.9423019711176555, 1.3824817458788554, 1.2924167501926422, 1.2632674558957417, 1.2626415296395619, 1.253376739025116, 1.2263540693124135, 1.2316094903151193, 1.248390508890152, 1.261232944726944], "accuracy": [0.7649652765148008, 0.8001249984900156, 0.8020486096541087, 0.8029861096541087, 0.8023541673024496, 0.8019166684150696, 0.8030138905843099, 0.8032291650772094, 0.8029861124356588, 0.8031736115614573], "val_loss": [1.5343710957346737, 1.5172514142216862, 1.5684690958744771, 1.595947868115193, 1.624793477960535, 1.6535384944967322, 1.681115350207767, 1.7300352728044666, 1.7723694749780603, 1.7964569233559273], "val_accuracy": [0.8012950468707729, 0.8022804018613454, 0.8044482002387175, 0.801970717069265, 0.8001407610403525, 0.8018862621204274, 0.8040540588868631, 0.8002533848221237, 0.802336713752231, 0.8010698186384665]}