{"loss": [7.896376520792643, 7.890430320103963, 7.890430355072022, 7.890430342356364, 7.890430348714193, 7.890430323282877, 7.890430345535278, 7.89043033917745, 7.890430342356364, 7.890430348714193, 7.890430332819621, 7.890430348714193, 7.890430332819621, 7.890430316925049, 7.890430335998535, 7.890430335998535, 7.890430332819621, 7.890430335998535, 7.89043033917745, 7.890430335998535], "accuracy": [0.7567986110846202, 0.7619444441795349, 0.7619444461663564, 0.7619444445768992, 0.7619444457689921, 0.7619444449742635, 0.761944446961085, 0.7619444473584494, 0.7619444453716278, 0.7619444453716278, 0.7619444441795349, 0.7619444457689921, 0.7619444421927134, 0.7619444489479065, 0.7619444453716278, 0.7619444437821706, 0.7619444445768992, 0.7619444449742635, 0.7619444437821706, 0.7619444433848063], "val_loss": [7.8880447954744906, 7.8880447954744906, 7.8880447954744906, 7.8880447954744906, 7.8880447954744906, 7.8880447954744906, 7.8880447954744906, 7.8880447954744906, 7.8880447954744906, 7.8880447954744906, 7.8880447954744906, 7.8880447954744906, 7.8880447954744906, 7.8880447954744906, 7.8880447954744906, 7.8880447954744906, 7.8880447954744906, 7.8880447954744906, 7.8880447954744906, 7.8880447954744906], "val_accuracy": [0.7643299586064106, 0.7643299586064106, 0.7643299586064106, 0.7643299586064106, 0.7643299586064106, 0.7643299586064106, 0.7643299586064106, 0.7643299586064106, 0.7643299586064106, 0.7643299586064106, 0.7643299586064106, 0.7643299586064106, 0.7643299586064106, 0.7643299586064106, 0.7643299586064106, 0.7643299586064106, 0.7643299586064106, 0.7643299586064106, 0.7643299586064106, 0.7643299586064106]}