{"loss": [236.89364776611328, 236.59811950683593, 236.59811564127605, 236.5936770629883, 236.69234151204427, 236.32967600504557, 236.1814663696289, 236.0968320719401, 236.03513427734376, 236.00074401855468, 235.94839548746745, 235.92003275553387, 235.89653004964194, 235.88641042073567, 235.8664774576823, 235.85104726155598, 235.85187693277996, 235.82501251220702, 235.82854268391927, 236.05544403076172], "accuracy": [0.7559999914964041, 0.7657708319028219, 0.7657708303133647, 0.7659166598320007, 0.7626597181955973, 0.7747569378217062, 0.7796805504957834, 0.782479164203008, 0.7845416633288066, 0.7857013841470083, 0.7874236059188843, 0.7884027687708537, 0.7892152718702952, 0.7895138883590698, 0.790131942431132, 0.7906597169240316, 0.7906874938805898, 0.7915625007947286, 0.7914236096541086, 0.7838819400469462], "val_loss": [236.72747802734375, 236.72747802734375, 236.72747802734375, 236.757080078125, 236.6690216064453, 236.4149627685547, 236.34974670410156, 236.31295776367188, 236.22747802734375, 236.13841247558594, 236.13372802734375, 236.13119506835938, 236.0414276123047, 236.1337432861328, 236.09915161132812, 236.0304718017578, 236.05780029296875, 236.10267639160156, 235.97747802734375, 236.2431640625], "val_accuracy": [0.7614583969116211, 0.7614583969116211, 0.7614583969116211, 0.7604166269302368, 0.7635416984558105, 0.7718749642372131, 0.7739583253860474, 0.7750000357627869, 0.778124988079071, 0.78125, 0.7812499403953552, 0.7812499403953552, 0.784375011920929, 0.7812499403953552, 0.7822916507720947, 0.7843749523162842, 0.7833333015441895, 0.7822916507720947, 0.7864583134651184, 0.7770833373069763]}