{"loss": [236.85940470377605, 236.67897654215494, 236.6779006958008, 236.67775482177734, 236.70979868570964, 236.43807393391927, 236.04252665201824, 235.93262766520184, 235.89371103922525, 235.85701599121094, 235.84781901041666, 235.85115325927734, 235.83186431884766, 235.83150482177734, 235.82128733317057, 235.8150370279948, 235.80815439860027, 235.7961176554362, 235.7973141479492, 235.79327799479168], "accuracy": [0.7572986117998759, 0.7630763852596283, 0.7631111105283102, 0.7631180500984192, 0.7618680463234584, 0.7711458257834116, 0.7842638858159383, 0.787965274254481, 0.7892499995231629, 0.7904583259423574, 0.7907708295186361, 0.7906874986489614, 0.7913333328564962, 0.7913541571299235, 0.7916458308696747, 0.791888880332311, 0.7921249957879385, 0.7925208274523418, 0.7924583268165588, 0.7926111137866974], "val_loss": [236.82122802734375, 236.82122802734375, 236.82122802734375, 236.82122802734375, 236.60247802734375, 236.40036010742188, 236.17225646972656, 236.1962127685547, 236.22377014160156, 236.1649932861328, 236.1678009033203, 236.13369750976562, 236.132080078125, 236.1654510498047, 236.18348693847656, 236.19631958007812, 236.11874389648438, 236.0425262451172, 236.06410217285156, 236.1318359375], "val_accuracy": [0.7583333253860474, 0.7583333253860474, 0.7583333253860474, 0.7583333253860474, 0.765625, 0.7718750238418579, 0.7802082896232605, 0.7791666984558105, 0.7781250476837158, 0.7802083492279053, 0.7802083492279053, 0.78125, 0.78125, 0.7802083492279053, 0.7791666984558105, 0.7791666984558105, 0.78125, 0.7843749523162842, 0.7833333611488342, 0.78125]}