{"loss": [8.049628003438313, 8.041610533396403, 8.04138336499532, 8.040363327662151, 8.039271783828735, 8.03854790687561, 8.03868036588033, 8.008089017868041, 7.998661346435547, 7.996066424051921], "accuracy": [0.60625, 0.6107638907432557, 0.6109953673680624, 0.6120138887564341, 0.6131018495559692, 0.6138425942262014, 0.6137731484572093, 0.644351853132248, 0.6537268539269765, 0.6562847208976745], "val_loss": [8.049944877624512, 8.049943923950195, 8.04647159576416, 8.04647159576416, 8.04647159576416, 8.044734954833984, 8.045825958251953, 8.01320743560791, 8.007393836975098, 8.008307456970215], "val_accuracy": [0.6024305820465088, 0.6024305820465088, 0.6059027910232544, 0.6059027910232544, 0.6059027910232544, 0.6076388955116272, 0.6059027910232544, 0.6388888955116272, 0.6458333134651184, 0.6440972089767456]}