{"loss": [2.611794265906016, 2.1231332270304364, 2.0077826674779256, 1.9777062741915385, 1.9553902180989584, 1.9498266164461773, 1.9503474617004395, 1.952952626546224, 1.9536548177401225, 1.9402868501345316], "accuracy": [0.6567129621158043, 0.6789930546283722, 0.6803125003973644, 0.681226847966512, 0.6815277791023254, 0.679895834128062, 0.6783912030855814, 0.6776157406965891, 0.6776041670640309, 0.6782986112435658], "val_loss": [2.3445746898651123, 2.364330027554486, 2.437189334147685, 2.5043046538894242, 2.5623085241059997, 2.57938822540077, 2.6282120330913648, 2.657585214924168, 2.693526177792936, 2.722004954879348], "val_accuracy": [0.6796171165801383, 0.6825262823620358, 0.6817286078994339, 0.6812124622834695, 0.6809778535688246, 0.6814470758309236, 0.676332576854809, 0.6793355812897554, 0.6779748491338782, 0.6779748491338782]}