{"loss": [8.051811180114747, 8.041524302164714, 8.019904454549154, 7.994630136489868, 7.990267044703166, 7.988662004470825, 7.987624762852986, 7.987210721969604, 7.986732467015584, 7.986272691090901], "accuracy": [0.6048148143291473, 0.6108449065685272, 0.6327430526415507, 0.6578935186068217, 0.6621643527348836, 0.6637384259700775, 0.6647685186068217, 0.6651851856708526, 0.6657060194015503, 0.6661226836840312], "val_loss": [8.037654322546882, 8.035614155434274, 7.994513163695464, 7.99148754171423, 7.986994627359751, 7.986590230787122, 7.986742328953099, 7.9853301692653345, 7.985529100572741, 7.98453324549907], "val_accuracy": [0.6147240964142052, 0.6167417426367063, 0.6588776240477691, 0.6611298822067879, 0.6654936139648026, 0.6658689991847889, 0.6657751508661218, 0.66708896127907, 0.6669012791401631, 0.6678866389635447]}