{"loss": [144.85008514404296, 144.75419525146484, 144.7538577270508, 144.75084584554037, 144.73825693766275, 144.32064371744792, 143.9148285929362, 143.82173563639324, 143.77715586344402, 143.7586787923177], "accuracy": [0.6061342716217041, 0.6104861203829447, 0.6105092616875967, 0.6106597268581391, 0.611400469938914, 0.6346875039736429, 0.6573032486438751, 0.6623148175080618, 0.6647685225804647, 0.6658333353201549], "val_loss": [144.8990020751953, 144.8990020751953, 144.8990020751953, 144.89898681640625, 144.83648681640625, 144.2447052001953, 144.0332794189453, 144.0859832763672, 143.95506286621094, 143.90386962890625], "val_accuracy": [0.602430522441864, 0.602430522441864, 0.602430522441864, 0.602430522441864, 0.6059027314186096, 0.6388888955116272, 0.6510416269302368, 0.6475694179534912, 0.6545138955116272, 0.6579861044883728]}