{"loss": [1.7095657634735106, 1.2648617482185365, 1.1417825400829316, 1.045254031419754, 0.9656832810242971, 0.8988422644138336, 0.8439462582270304, 0.7979004903634389, 0.7585095377763112, 0.729695767958959, 0.703471136490504, 0.6734890298048655, 0.6533891959985098, 0.6327547629674276, 0.6133616107702256, 0.600286637544632, 0.582597267429034, 0.5672574750582378, 0.5556517457962036, 0.5448020160198211], "accuracy": [0.7812430572509765, 0.8090347246328989, 0.8154236117998759, 0.8201111090183258, 0.8244305570920308, 0.8290694439411164, 0.8323680555820465, 0.8376458350817363, 0.8414166684945424, 0.8452708351612092, 0.8487916656335195, 0.8533819460868836, 0.856027778784434, 0.8584305588404337, 0.8619444433848064, 0.8645208323001862, 0.8664652768770854, 0.869708335796992, 0.8707569448153177, 0.8726388903458914], "val_loss": [1.3206023300016247, 1.2528755020450901, 1.2265647102046657, 1.2215709686279297, 1.227437264210469, 1.2371422406789419, 1.2547212645814225, 1.275430940292977, 1.2947450650704873, 1.312664176966693, 1.3294827100392934, 1.3408944059062649, 1.3627075117987555, 1.375861622191764, 1.3892380611316577, 1.4039537520022005, 1.4094479986139246, 1.4306972832293123, 1.4399018674283415, 1.4528287423623574], "val_accuracy": [0.8088963998330606, 0.8169763523179132, 0.8194256795419229, 0.8222973024522936, 0.8243806313824009, 0.8244650895531113, 0.8234797313406661, 0.8248873836285359, 0.8244650959968567, 0.8251970700315527, 0.8250563080246384, 0.8250281520791956, 0.8257319814450031, 0.8257319814450031, 0.8264358124217471, 0.8253096873695785, 0.8264921178688874, 0.8258727515065992, 0.8256756727759903, 0.8265202722033939]}