{"loss": [7.896695388158163, 7.890430329640706, 7.890430345535278, 7.890430342356364, 7.890430345535278, 7.890430326461792, 7.890430323282877, 7.890430332819621, 7.890430316925049, 7.890430335998535, 7.890430335998535, 7.890430345535278, 7.890430326461792, 7.890430335998535, 7.890430326461792, 7.890430332819621, 7.890430335998535, 7.890430323282877, 7.890430348714193, 7.890430304209391], "accuracy": [0.7569236115614573, 0.7619444437821706, 0.7619444441795349, 0.7619444410006205, 0.7619444461663564, 0.7619444449742635, 0.7619444461663564, 0.7619444453716278, 0.7619444437821706, 0.7619444457689921, 0.7619444437821706, 0.761944442987442, 0.7619444441795349, 0.7619444441795349, 0.7619444417953491, 0.7619444425900778, 0.7619444421927134, 0.761944442987442, 0.7619444433848063, 0.7619444437821706], "val_loss": [7.8880447954744906, 7.8880447954744906, 7.8880447954744906, 7.8880447954744906, 7.8880447954744906, 7.8880447954744906, 7.8880447954744906, 7.8880447954744906, 7.8880447954744906, 7.8880447954744906, 7.8880447954744906, 7.8880447954744906, 7.8880447954744906, 7.8880447954744906, 7.8880447954744906, 7.8880447954744906, 7.8880447954744906, 7.8880447954744906, 7.8880447954744906, 7.8880447954744906], "val_accuracy": [0.7643299586064106, 0.7643299586064106, 0.7643299586064106, 0.7643299586064106, 0.7643299586064106, 0.7643299586064106, 0.7643299586064106, 0.7643299586064106, 0.7643299586064106, 0.7643299586064106, 0.7643299586064106, 0.7643299586064106, 0.7643299586064106, 0.7643299586064106, 0.7643299586064106, 0.7643299586064106, 0.7643299586064106, 0.7643299586064106, 0.7643299586064106, 0.7643299586064106]}