{"loss": [1.6977071380615234, 1.2648085649808247, 1.1498145854473114, 1.0576766407489777, 0.9806353068351745, 0.9191772778828938, 0.8717194064458211, 0.8270327238241831, 0.7884774827957153, 0.7566877973079681, 0.7268261273701986, 0.7039658073584238, 0.6825533497333527, 0.6615958027044933, 0.642877786954244, 0.6271553186575571, 0.6115085327625275, 0.6014266939957936, 0.590359202226003, 0.5821585241953532], "accuracy": [0.7811388867169929, 0.808777779340744, 0.8137847212950389, 0.8181527813275655, 0.8220833325386048, 0.8256250031789144, 0.829659720659256, 0.8338333340485891, 0.8381527769565582, 0.8426805543899536, 0.8462083343664805, 0.8492013867696127, 0.8526597237586975, 0.8556736115614573, 0.8579375000794729, 0.8603750014305115, 0.862715277671814, 0.8640347254276276, 0.8660138877232869, 0.8672986129919688], "val_loss": [1.3207647413820833, 1.2606216733520095, 1.244472310349748, 1.2372041586283091, 1.2470667265556954, 1.2668478553359572, 1.279976580594037, 1.299129904927434, 1.3168005911079612, 1.3301149348954897, 1.348591707848214, 1.3619859089722504, 1.3739724513646718, 1.3894997190784764, 1.4036167860031128, 1.415372204136204, 1.4380600162454553, 1.4508781690855284, 1.4638967610694267, 1.4724236758979592], "val_accuracy": [0.8084459465903204, 0.8148648642204903, 0.8175675675675675, 0.8206362611538655, 0.8203828834198617, 0.8202984236382149, 0.8217060839807665, 0.8214808573593965, 0.8208051807171589, 0.8212837818506602, 0.8213964007996224, 0.8222409873395353, 0.8220157655509742, 0.8209740970585797, 0.8212837802397238, 0.8215934698646133, 0.8219876112164678, 0.8207488688262733, 0.8217905421514768, 0.8211148671201758]}