{"loss": [237.0182635498047, 236.7129099527995, 236.7129096476237, 236.71290985107422, 236.78527923583985, 236.7129099527995, 236.7129099527995, 236.7129099527995, 236.7129099527995, 236.7129099527995, 236.7129099527995, 236.71290974934897, 236.7129099527995, 236.7129099527995, 236.7129076131185, 236.71302825927734, 236.71230448404947, 236.7105206298828, 236.7097817993164, 236.7091357421875], "accuracy": [0.7517847156027953, 0.7619444334506988, 0.7619444425900778, 0.7619444398085277, 0.7598124917348226, 0.7619444421927134, 0.7619444382190704, 0.7619444406032563, 0.7619444413979848, 0.7619444421927134, 0.7619444445768992, 0.7619444417953491, 0.761944439013799, 0.7619444437821706, 0.7619444370269776, 0.7619374950726827, 0.7619652744134268, 0.7620208283265432, 0.7620486092567443, 0.7620694394906362], "val_loss": [236.8524932861328, 236.8524932861328, 236.8524932861328, 236.8524932861328, 236.8524932861328, 236.8524932861328, 236.8524932861328, 236.8524932861328, 236.8524932861328, 236.8524932861328, 236.85247802734375, 236.8524932861328, 236.8524932861328, 236.8524932861328, 236.85247802734375, 236.85247802734375, 236.85247802734375, 236.85247802734375, 236.8524627685547, 236.85247802734375], "val_accuracy": [0.7572916746139526, 0.7572916746139526, 0.7572916746139526, 0.7572916746139526, 0.7572916746139526, 0.7572916746139526, 0.7572916746139526, 0.7572916746139526, 0.7572916746139526, 0.7572916746139526, 0.7572916746139526, 0.7572916746139526, 0.7572916746139526, 0.7572916746139526, 0.7572916746139526, 0.7572916746139526, 0.7572916746139526, 0.7572916746139526, 0.7572916746139526, 0.7572916746139526]}