{"loss": [1.6803696823120118, 1.2602090581258139, 1.1423260108629862, 1.050361739397049, 0.9715348756313325, 0.9058294248580933, 0.8520437343915304, 0.8038086406389873, 0.7632651813824971, 0.7319916311899821, 0.6988380038738251, 0.6712618839740753, 0.6440846916039785, 0.6244347353776296, 0.5988100324074427, 0.5821680843830108, 0.5628989923000336, 0.5468328537543615, 0.5314404894908269, 0.5180928681294124], "accuracy": [0.7821874996026357, 0.8088124982515971, 0.8151458350817362, 0.818930557568868, 0.8230416647593181, 0.8282013889153799, 0.8335138853391012, 0.8376527758439382, 0.8431111097335815, 0.8460763887564341, 0.8505763896306355, 0.8546250013510386, 0.8586458337306976, 0.8616597227255504, 0.8658333321412405, 0.8674097208182017, 0.8710833346843719, 0.8729722229639689, 0.8763055547078451, 0.877229163646698], "val_loss": [1.3160213328696586, 1.2550784864941158, 1.2328087896914095, 1.228882074356079, 1.2359059759088464, 1.2443786150700338, 1.2613325183456008, 1.2741468887071352, 1.2923441609820805, 1.312848094347361, 1.326322858398025, 1.3374243588060946, 1.348099666672784, 1.3630461402841516, 1.3750099426991231, 1.394712970063493, 1.3996343838201988, 1.4117056421331458, 1.4282345449602283, 1.4387145106856887], "val_accuracy": [0.8067286046775611, 0.815512384917285, 0.8177364855199247, 0.8191441442515399, 0.8231418889922064, 0.8231137330467636, 0.824324327546197, 0.8257601373904461, 0.82584459395022, 0.826604733595977, 0.8266891917666873, 0.827674551590069, 0.8275900901974859, 0.8272522542927716, 0.8269707190023886, 0.8272804102382144, 0.8276182413101196, 0.8290258968198622, 0.8278434679314897, 0.8284628310719052]}