{"loss": [7.901753098169962, 7.890430329640706, 7.89043031056722, 7.890430323282877, 7.89043033917745, 7.890430326461792, 7.890430342356364, 7.890430335998535, 7.890430329640706, 7.89043033917745], "accuracy": [0.7568402783075968, 0.7619444406032563, 0.7619444437821706, 0.7619444457689921, 0.7619444441795349, 0.7619444465637207, 0.7619444433848063, 0.7619444445768992, 0.7619444425900778, 0.7619444421927134], "val_loss": [7.8880447954744906, 7.8880447954744906, 7.8880447954744906, 7.8880447954744906, 7.8880447954744906, 7.8880447954744906, 7.8880447954744906, 7.8880447954744906, 7.8880447954744906, 7.8880447954744906], "val_accuracy": [0.7643299586064106, 0.7643299586064106, 0.7643299586064106, 0.7643299586064106, 0.7643299586064106, 0.7643299586064106, 0.7643299586064106, 0.7643299586064106, 0.7643299586064106, 0.7643299586064106]}