{"loss": [1.5570358196894327, 1.3240200551350911, 1.2745758660634359, 1.250901575088501, 1.225984027783076, 1.2105318892002106, 1.1983122050762176, 1.1926762481530508, 1.2037840688228607, 1.1960051238536835], "accuracy": [0.7930069450537364, 0.8054652802149455, 0.8059375, 0.8062986127535502, 0.8063611141840616, 0.8069583340485891, 0.8071250001589457, 0.8065833365917205, 0.8067430543899536, 0.806916667620341], "val_loss": [1.3787164849203986, 1.4016310717608478, 1.3923772927877065, 1.4033931107134432, 1.4183039826315802, 1.418316032435443, 1.4266620906623635, 1.4409325702770337, 1.4548231492171417, 1.4682836693686407], "val_accuracy": [0.8087274786588308, 0.8073479823164038, 0.8101632885030798, 0.8088963950002516, 0.8094594623591449, 0.8098817548236331, 0.8108389651453173, 0.8098254493764929, 0.8106137401348835, 0.8066723008413572]}