{"loss": [236.11283630371094, 235.59814870198568, 235.59521372477212, 235.59471048990886, 235.5983275349935, 235.5983267211914, 235.59832651774087, 235.59832661946615, 235.59832651774087, 235.59832641601562], "accuracy": [0.7882499984900156, 0.7991041656335195, 0.7992083299160003, 0.7992222114404043, 0.7990972117582957, 0.799097216129303, 0.799097216129303, 0.7990972220897674, 0.7990972208976745, 0.7990972157319387], "val_loss": [235.7274932861328, 235.7274932861328, 235.72747802734375, 235.7274932861328, 235.7274932861328, 235.7274932861328, 235.7274932861328, 235.7274932861328, 235.7274932861328, 235.7274932861328], "val_accuracy": [0.7947916388511658, 0.7947916388511658, 0.7947916388511658, 0.7947916388511658, 0.7947916388511658, 0.7947916388511658, 0.7947916388511658, 0.7947916388511658, 0.7947916388511658, 0.7947916388511658]}