{"loss": [237.01027974446615, 236.7129099527995, 236.7129099527995, 236.7129099527995, 236.7129099527995, 236.7129099527995, 236.7129099527995, 236.7129099527995, 236.7129099527995, 236.7129099527995], "accuracy": [0.756958327293396, 0.7619444413979848, 0.7619444366296132, 0.7619444386164347, 0.7619444338480631, 0.7619444402058919, 0.7619444346427917, 0.7619444437821706, 0.7619444449742635, 0.7619444461663564], "val_loss": [236.8524932861328, 236.8524932861328, 236.8524932861328, 236.8524932861328, 236.8524932861328, 236.8524932861328, 236.8524932861328, 236.8524932861328, 236.8524932861328, 236.8524932861328], "val_accuracy": [0.7572916746139526, 0.7572916746139526, 0.7572916746139526, 0.7572916746139526, 0.7572916746139526, 0.7572916746139526, 0.7572916746139526, 0.7572916746139526, 0.7572916746139526, 0.7572916746139526]}