{"loss": [236.7519983927409, 235.65423848470053, 235.5588944498698, 235.5538458251953, 235.5709426879883, 235.56731333414714, 235.5622861735026, 235.58561197916666, 235.60787526448567, 235.59805826822915], "accuracy": [0.7624236083030701, 0.7973958293596903, 0.800458329518636, 0.8005972242355347, 0.800048603216807, 0.8001666581630706, 0.800354163646698, 0.7996111031373342, 0.7988263861338297, 0.7991874961058298], "val_loss": [236.1520233154297, 235.7100067138672, 235.7753143310547, 235.8528594970703, 235.78988647460938, 235.7212371826172, 235.81072998046875, 235.7725372314453, 235.83712768554688, 235.94017028808594], "val_accuracy": [0.78125, 0.7958333492279053, 0.7927083969116211, 0.7906250357627869, 0.7927083969116211, 0.7947916984558105, 0.7916667461395264, 0.793749988079071, 0.7916666269302368, 0.7874999642372131]}