{"loss": [1.8609567443529764, 1.3347639592488607, 1.1908186089992523, 1.112658771276474, 1.0566381704807282, 1.022585986852646, 1.0072840543588002, 0.9956597300370534, 0.9963143614927927, 0.9805759763717652], "accuracy": [0.7724583329757054, 0.8006111109256744, 0.8050625014305115, 0.8089027770360311, 0.8129791657129923, 0.8152361106872559, 0.8168888898690542, 0.8190694443384806, 0.8181666660308838, 0.8193541665871938], "val_loss": [1.5607249382379893, 1.5592239966263641, 1.5850067783046413, 1.6259053397823025, 1.6718732988512195, 1.7025353811882638, 1.739685297012329, 1.7756448790833756, 1.7840839463311273, 1.791622664477374], "val_accuracy": [0.7992117098859839, 0.8025619371517284, 0.8040540572759267, 0.801379503430547, 0.8010416659148963, 0.7999155408627278, 0.8002815294910122, 0.8028153132747959, 0.7988175669231931, 0.8012950468707729]}