{"loss": [7.896628999710083, 7.88662561416626, 7.886274995803833, 7.885567331314087, 7.885511217117309, 7.88544176419576, 7.874163881937663, 7.857677167256673, 7.854814850489299, 7.854189376831055], "accuracy": [0.7605763860543568, 0.7657569448153178, 0.7661111120382945, 0.7668194433053335, 0.7668611109256744, 0.7669305566946666, 0.7784097222487132, 0.79481250166893, 0.7976111102104188, 0.7982291642824809], "val_loss": [7.884126727645461, 7.88359633007565, 7.882441984640585, 7.88241365793589, 7.882413619273418, 7.881666827846217, 7.858124269021524, 7.853772395365947, 7.853299669317297, 7.8528511073138265], "val_accuracy": [0.7683840104051538, 0.7687781533679446, 0.7699324279218107, 0.7699605822563171, 0.7699605822563171, 0.7707207186802013, 0.794425675997863, 0.798676801694406, 0.7991835571624137, 0.7995213946780643]}