{"loss": [236.7285844930013, 236.18076639811198, 235.77832010904947, 235.72785044352213, 235.71147369384767, 235.70550435384115, 235.67828084309895, 235.6716724650065, 235.6723378499349, 235.66902282714844], "accuracy": [0.7622013866901398, 0.7798541633288065, 0.7932361062367758, 0.7948333291212718, 0.7953263831138611, 0.7955277733008067, 0.7964652768770853, 0.7966805481910706, 0.7966249958674113, 0.7967430508136749], "val_loss": [236.69068908691406, 235.9621124267578, 235.99827575683594, 235.95257568359375, 235.9268341064453, 235.8721923828125, 235.8292236328125, 235.88372802734375, 235.8717498779297, 235.8216552734375], "val_accuracy": [0.7625000476837158, 0.7864583134651184, 0.7864583134651184, 0.7874999642372131, 0.7885416746139526, 0.7906249761581421, 0.7916666865348816, 0.7895833253860474, 0.7895833849906921, 0.7916667461395264]}