{"loss": [8.45167148590088, 8.451299610137939, 8.437786903381348, 8.421817302703857, 8.416917600631713, 8.415341231028238, 8.415423510869344, 8.414978911081949, 8.412577136357624, 8.412120548884074], "accuracy": [0.6084664335846901, 0.6072337957223256, 0.6203645845254262, 0.6362326383590698, 0.641186342438062, 0.642685184677442, 0.6426273141304651, 0.643090278506279, 0.6454224526882172, 0.6458275455236435], "val_loss": [8.42954579671224, 8.43926954905192, 8.417574399312338, 8.400695533752442, 8.400900446573893, 8.39994295756022, 8.401827850341796, 8.398842748006185, 8.397500584920248, 8.39795519510905], "val_accuracy": [0.6284259247779846, 0.6190740728378296, 0.6406481448809306, 0.6571527806917826, 0.6571759263674418, 0.6581944433848063, 0.6562499976158143, 0.6592361084620157, 0.6604629635810852, 0.6600462961196899]}