{"loss": [2.527214835882187, 2.1958083760738374, 2.1520107106367745, 2.146394273440043, 2.1487329745292665, 2.1644500645001727, 2.1755267651875814, 2.1558892611662546, 2.1550490216414135, 2.1796163098017374], "accuracy": [0.6638368058453004, 0.6747106492519379, 0.6745949073632558, 0.6737268523375193, 0.6728009257713954, 0.6712962955236434, 0.6712268511454265, 0.6710763897498448, 0.6702314811944962, 0.6696354164679845], "val_loss": [2.188817857106527, 2.1962592935562135, 2.256808624267578, 2.2494678608576457, 2.299841251373291, 2.3294292243321735, 2.3372888231277464, 2.357949735323588, 2.393071581522624, 2.4242068243026735], "val_accuracy": [0.6871527814865113, 0.688587961991628, 0.682777775923411, 0.6881018511454264, 0.6860879627863566, 0.6845601876576741, 0.6840509255727132, 0.6844675954182943, 0.6849537038803101, 0.6844212945302327]}