{"loss": [150.88959899902343, 149.9934092203776, 149.85360244750976, 149.8342020670573, 149.83155166625977, 149.8288823445638, 149.82665252685547, 149.82907948811848, 149.82177200317383, 149.8261395263672], "accuracy": [0.6055150558551152, 0.6546585702896118, 0.6622974576552709, 0.6633159746726354, 0.6634375047683716, 0.6635879691441854, 0.6637384297450384, 0.6635821821292242, 0.6639699093500773, 0.6637442169586817], "val_loss": [150.79750061035156, 150.02378845214844, 150.02891540527344, 150.02333068847656, 150.0546417236328, 150.11410522460938, 150.02337646484375, 150.05018615722656, 150.05482482910156, 150.05223083496094], "val_accuracy": [0.6093750596046448, 0.6527777910232544, 0.6527777910232544, 0.6527777910232544, 0.6510416865348816, 0.647569477558136, 0.6527777910232544, 0.6510416865348816, 0.6510416865348816, 0.6510416865348816]}