{"loss": [150.73802541097004, 149.93874811808269, 149.90730545043945, 149.90274403889973, 149.8935571797689, 149.88012049357096, 149.86845011393228, 149.86788477579753, 149.86503356933594, 149.86567082722982], "accuracy": [0.6150289418299993, 0.6575983816385269, 0.6593229218324026, 0.6595138941208522, 0.6600289422273636, 0.6607465328772862, 0.6613946775595347, 0.661423614025116, 0.6615856506427129, 0.6615335708856582], "val_loss": [150.2142791748047, 150.05804443359375, 150.18521118164062, 150.17869567871094, 150.1304168701172, 150.08587646484375, 150.05462646484375, 150.05462646484375, 150.08766174316406, 150.14830017089844], "val_accuracy": [0.6423611044883728, 0.6510416865348816, 0.6440972685813904, 0.6440972685813904, 0.647569477558136, 0.6493055820465088, 0.6510416865348816, 0.6510416865348816, 0.6493055820465088, 0.6458333730697632]}