{"loss": [6.272628615697225, 5.546745901107788, 5.174000781377156, 4.818677151997884, 4.484664389292399, 4.179910306930542, 3.883379629453023, 3.6219873936971028, 3.36030282497406, 3.115996069908142, 2.9020973205566407, 2.7086102962493896, 2.522468598683675, 2.3723360101381936, 2.235408058166504, 2.1161870821317037, 2.0069438505172728, 1.905336221853892, 1.8210165270169576, 1.7319197320938111, 1.6632226133346557, 1.5868073829015097, 1.529418470064799, 1.4799456342061361, 1.409165023167928, 1.3583238410949707, 1.2958625149726868, 1.2614933848381042, 1.212056693236033, 1.1768323588371277, 1.1409042851130167, 1.1040367043018342, 1.0596559687455496, 1.0263335343201956, 1.004149938027064, 0.9839612150192261, 0.9513319834073385, 0.9192747632662456, 0.8892038714885712, 0.8737174745400746, 0.8418881464004516, 0.8235866149266561, 0.7915367484092712, 0.7705214508374532, 0.7686615272363027, 0.7405666148662567, 0.7280991115172704, 0.7069058914979299, 0.6830669039487839, 0.665104176402092], "accuracy": [0.03784027984986703, 0.044868058214584984, 0.05077083605031173, 0.05467361407975356, 0.05881250304480394, 0.06313889215389888, 0.06856944826742013, 0.07254167074958483, 0.07791667088866233, 0.0854305603603522, 0.09277083819111188, 0.10035417199134827, 0.10761111681660017, 0.1131527837117513, 0.11902778416872024, 0.12367361813783645, 0.1286944515009721, 0.13338889623681704, 0.1363958401978016, 0.14044445186853408, 0.1435763960580031, 0.14670139625668527, 0.1497986190021038, 0.15180556337038675, 0.15509722977876664, 0.15834028561909994, 0.16070834120114644, 0.16318750778834026, 0.16548611968755722, 0.16665278633435568, 0.1683958422144254, 0.17027778655290604, 0.17300000945727032, 0.17407639731963476, 0.17586806545654932, 0.17660417636235556, 0.1788680648803711, 0.1802083427707354, 0.1815833427508672, 0.18228473196427028, 0.18455556521813074, 0.18550000935792924, 0.1876597330967585, 0.18859028865893682, 0.18849306603272756, 0.19055556575457255, 0.19037501027186712, 0.19163889884948732, 0.19364584356546402, 0.19445834338665008], "val_loss": [5.785404179547284, 5.611703563380885, 5.363220988093196, 5.223018929765031, 5.113908084663185, 5.0286887400859115, 5.014510747548696, 4.983224533699654, 5.0081401902276115, 5.015835542936583, 5.04973079062797, 5.078586617031613, 5.083302291663918, 5.146504363498172, 5.124875970788904, 5.142589478879361, 5.157411510879929, 5.211239763208337, 5.2135506191769165, 5.222678957758723, 5.23988438941337, 5.232852652266219, 5.306138683009792, 5.288377027253847, 5.328393008257891, 5.310411311484672, 5.312649572217786, 5.3591505385733935, 5.34047032691337, 5.355218964654046, 5.395725778631262, 5.396252258403881, 5.417559237093539, 5.436750759949556, 5.478029766598263, 5.439239192653346, 5.48435370986526, 5.501841235805202, 5.478798260559907, 5.516807801014668, 5.558781546515387, 5.580752114991884, 5.6134002015397355, 5.655778382275556, 5.5967754931063265, 5.600537042360048, 5.616879012133624, 5.604986371220769, 5.719135168436411, 5.665332703977017], "val_accuracy": [0.04276464225069897, 0.048620498361619746, 0.053688065828503787, 0.0573198228470377, 0.06145833654178155, 0.06486486865056527, 0.0678491029586341, 0.07057995882791442, 0.07119932770729065, 0.07407095011424374, 0.07497185076007971, 0.07598536481728425, 0.07818130987721521, 0.07835022903777458, 0.08091216675333075, 0.08141892403364182, 0.08206644593863874, 0.08237613032798509, 0.08454392367118113, 0.08451577054487693, 0.08521959960863397, 0.08541667078797882, 0.08671171661164309, 0.08640203141682856, 0.0878941489232553, 0.08795045497449669, 0.0887668970468882, 0.08887950914937097, 0.08862613040853191, 0.08913288809157707, 0.08958333871654563, 0.08969595102039543, 0.08969595142312951, 0.09023086082290958, 0.09056869934539537, 0.08992117562809505, 0.09189189728852865, 0.09161036522001834, 0.09152590624383979, 0.092201581677875, 0.09287725731327727, 0.092961717094924, 0.09175113085153941, 0.09222973500554627, 0.09284910358287193, 0.0927364916817562, 0.092961717094924, 0.0936373919248581, 0.09301802294479834, 0.09408784254982665]}